{
    "creators": [
        {
            "elementID": "C1",
            "email": "briandrawert@gmail.com",
            "fname": "Brian",
            "lname": "Drawert",
            "organization": "UNC Asheville"
        },
        {
            "elementID": "C2",
            "email": "smatthe2@unca.edu",
            "fname": "Sean",
            "lname": "Matthew",
            "organization": "UNC Asheville"
        },
        {
            "elementID": "C3",
            "email": "brumsey@unca.edu",
            "fname": "Bryan",
            "lname": "Rumsey",
            "organization": "UNC Asheville"
        },
        {
            "elementID": "C4",
            "email": "mpowell4@unca.edu",
            "fname": "Megan",
            "lname": "Powell",
            "organization": "UNC Asheville"
        }
    ],
    "metadata": {
        "creators": [
            "C1",
            "C2",
            "C3",
            "C4"
        ],
        "description": "This project is built to reproduce the results in the paper: \"Saving the Devils is in the details: Tasmanian Devil facial\ntumor disease can be eliminated with interventions\""
    }
}